{
    "mIoU": 38.202078538437426,
    "fwIoU": 92.7575034050236,
    "IoU-back of car": 96.88222450517233,
    "IoU-back of motorbike": 0.0,
    "IoU-beak of bird": 29.919895537754567,
    "IoU-door of car": 18.00395183926725,
    "IoU-door of motorbike": 0.4542996214169821,
    "IoU-ear of dog": 46.098371157134515,
    "IoU-ear of sheep": 35.28075632315626,
    "IoU-eye of bird": 30.26115049807054,
    "IoU-eye of dog": 51.67862634546386,
    "IoU-eye of sheep": 25.34158838599488,
    "IoU-foot of bird": 13.523863373512555,
    "IoU-front of car": 48.704636156801314,
    "IoU-front of motorbike": 0.0,
    "IoU-handlebar of motorbike": 46.59413434247872,
    "IoU-head of bird": 51.46689187830529,
    "IoU-head of dog": 63.93958239046134,
    "IoU-head of sheep": 46.34562149753562,
    "IoU-headlight of car": 38.78056250319024,
    "IoU-headlight of motorbike": 45.007160525973184,
    "IoU-horn of sheep": 14.942016057091884,
    "IoU-leg of bird": 16.402604266228874,
    "IoU-leg of dog": 42.802850356294535,
    "IoU-leg of sheep": 49.30576246945951,
    "IoU-license plate of car": 0.0,
    "IoU-mirror of car": 22.50918206727686,
    "IoU-mirror of motorbike": 15.369649805447471,
    "IoU-muzzle of dog": 64.14190385206398,
    "IoU-muzzle of sheep": 58.964807666311195,
    "IoU-neck of bird": 37.534512875415565,
    "IoU-neck of dog": 53.54147427544941,
    "IoU-neck of sheep": 37.203817665917384,
    "IoU-nose of dog": 44.38027443869899,
    "IoU-paw of dog": 39.42418150488225,
    "IoU-roof of car": 18.06557331129816,
    "IoU-roof of motorbike": 1.2549537648612945,
    "IoU-side of car": 38.27357113494433,
    "IoU-side of motorbike": 31.501849094664042,
    "IoU-tail of bird": 41.913036071717556,
    "IoU-tail of dog": 42.79438366784392,
    "IoU-tail of sheep": 1.6657323616561224,
    "IoU-torso of bird": 65.4173906624752,
    "IoU-torso of dog": 67.25503518485502,
    "IoU-torso of sheep": 74.4638217549366,
    "IoU-wheel of car": 57.74170004605052,
    "IoU-wheel of motorbike": 59.62206411833879,
    "IoU-window of car": 50.95614121470248,
    "IoU-window of motorbike": 58.435161504215216,
    "IoU-wing of bird": 39.5330017702099,
    "mAcc": 57.96006650781065,
    "pAcc": 95.53346491571682,
    "Acc-back of car": 98.20226241094764,
    "Acc-back of motorbike": 0.0,
    "Acc-beak of bird": 59.63165006756419,
    "Acc-door of car": 22.597580196551085,
    "Acc-door of motorbike": 0.5575467941059339,
    "Acc-ear of dog": 53.20811531982768,
    "Acc-ear of sheep": 71.28504093277103,
    "Acc-eye of bird": 69.33991363355953,
    "Acc-eye of dog": 70.95043321458417,
    "Acc-eye of sheep": 73.04615384615386,
    "Acc-foot of bird": 63.078398465595775,
    "Acc-front of car": 53.55606320978743,
    "Acc-front of motorbike": 0.0,
    "Acc-handlebar of motorbike": 76.17942768754834,
    "Acc-head of bird": 83.28615032182067,
    "Acc-head of dog": 80.85872359465436,
    "Acc-head of sheep": 57.30774448723167,
    "Acc-headlight of car": 46.5761402648357,
    "Acc-headlight of motorbike": 47.71978258994047,
    "Acc-horn of sheep": 22.75042444821732,
    "Acc-leg of bird": 75.24890379159143,
    "Acc-leg of dog": 61.95084853472794,
    "Acc-leg of sheep": 80.37691859335536,
    "Acc-license plate of car": 0.0,
    "Acc-mirror of car": 41.76763305928169,
    "Acc-mirror of motorbike": 72.47706422018348,
    "Acc-muzzle of dog": 78.8320206131233,
    "Acc-muzzle of sheep": 94.9544058244443,
    "Acc-neck of bird": 74.4460897991115,
    "Acc-neck of dog": 77.7050534722541,
    "Acc-neck of sheep": 52.651890482398954,
    "Acc-nose of dog": 46.66478369345196,
    "Acc-paw of dog": 62.77580884874814,
    "Acc-roof of car": 62.06216320246344,
    "Acc-roof of motorbike": 2.9275808936825887,
    "Acc-side of car": 66.68439358914426,
    "Acc-side of motorbike": 44.89698131288932,
    "Acc-tail of bird": 68.30080781722788,
    "Acc-tail of dog": 76.31805333661055,
    "Acc-tail of sheep": 4.18848167539267,
    "Acc-torso of bird": 76.39747898239776,
    "Acc-torso of dog": 83.48291946673366,
    "Acc-torso of sheep": 88.315705806699,
    "Acc-wheel of car": 85.36406784886222,
    "Acc-wheel of motorbike": 74.94963100789353,
    "Acc-window of car": 62.72629812445781,
    "Acc-window of motorbike": 58.79717880289744,
    "Acc-wing of bird": 56.688478089190454
}