{
    "mIoU": 16.841193649315116,
    "fwIoU": 95.25787190871814,
    "IoU-arm of a bench": 96.65464844890731,
    "IoU-back of a bench": 47.956600361663654,
    "IoU-back of a ottoman": 3.4338766771943954,
    "IoU-back of a swivel chair": 43.26956847502868,
    "IoU-base of a swivel chair": 4.388129950637126,
    "IoU-blade of a fan": 1.5567843470863463,
    "IoU-bumper of a van": 33.09481216457961,
    "IoU-button panel of a oven": 6.331569664902998,
    "IoU-canopy of a fan": 0.3417829678154372,
    "IoU-door of a bus": 6.159209761766415,
    "IoU-door of a desk": 0.0,
    "IoU-door of a kitchen island": 3.2107136802847944,
    "IoU-door of a oven": 17.28182034987304,
    "IoU-door of a van": 29.732987448575848,
    "IoU-drawer of a desk": 33.923699044195736,
    "IoU-drawer of a oven": 0.0,
    "IoU-front of a kitchen island": 10.082928433127535,
    "IoU-headlight of a bus": 21.947873799725652,
    "IoU-headlight of a truck": 0.0,
    "IoU-headlight of a van": 21.0727969348659,
    "IoU-leg of a bench": 25.716743119266056,
    "IoU-leg of a desk": 19.176944971537,
    "IoU-leg of a ottoman": 7.950074616741283,
    "IoU-leg of a stool": 13.004658385093167,
    "IoU-license plate of a bus": 0.0,
    "IoU-license plate of a truck": 20.11173184357542,
    "IoU-license plate of a van": 5.396232818598337,
    "IoU-mirror of a truck": 0.0,
    "IoU-mirror of a van": 1.1840157868771584,
    "IoU-seat of a bench": 17.56078734079506,
    "IoU-seat of a ottoman": 21.25913125441835,
    "IoU-seat of a stool": 0.5245774237419856,
    "IoU-seat of a swivel chair": 27.02446636571365,
    "IoU-shelf of a desk": 0.011339154099104206,
    "IoU-taillight of a van": 0.0,
    "IoU-top of a desk": 37.09128892775592,
    "IoU-top of a kitchen island": 42.63659389699674,
    "IoU-tube of a fan": 0.0,
    "IoU-wheel of a bus": 42.65107804433647,
    "IoU-wheel of a swivel chair": 0.0,
    "IoU-wheel of a truck": 20.237388724035608,
    "IoU-wheel of a van": 29.033596018249693,
    "IoU-window of a bus": 17.26374760430488,
    "IoU-window of a truck": 15.854374633000587,
    "IoU-window of a van": 13.725140779813245,
    "mAcc": 39.71788315584044,
    "pAcc": 96.5811780218542,
    "Acc-arm of a bench": 97.63044540276432,
    "Acc-back of a bench": 63.8728323699422,
    "Acc-back of a ottoman": 69.52789699570815,
    "Acc-back of a swivel chair": 80.36646178824076,
    "Acc-base of a swivel chair": 5.22895933791594,
    "Acc-blade of a fan": 1.8831519641892411,
    "Acc-bumper of a van": 55.667001003009034,
    "Acc-button panel of a oven": 42.85032227261876,
    "Acc-canopy of a fan": 1.8447348193697155,
    "Acc-door of a bus": 14.469014469014468,
    "Acc-door of a desk": 0.0,
    "Acc-door of a kitchen island": 80.9920889459055,
    "Acc-door of a oven": 45.16590284142988,
    "Acc-door of a van": 39.151887378372784,
    "Acc-drawer of a desk": 66.45010561351853,
    "Acc-drawer of a oven": 0.0,
    "Acc-front of a kitchen island": 21.060663868752385,
    "Acc-headlight of a bus": 47.1976401179941,
    "Acc-headlight of a truck": 0.0,
    "Acc-headlight of a van": 62.857142857142854,
    "Acc-leg of a bench": 66.39526276831977,
    "Acc-leg of a desk": 55.932203389830505,
    "Acc-leg of a ottoman": 51.493848857644984,
    "Acc-leg of a stool": 24.246079613992762,
    "Acc-license plate of a bus": 0.0,
    "Acc-license plate of a truck": 100.0,
    "Acc-license plate of a van": 31.89568706118355,
    "Acc-mirror of a truck": 0.0,
    "Acc-mirror of a van": 52.74725274725275,
    "Acc-seat of a bench": 60.801781737193764,
    "Acc-seat of a ottoman": 74.81686247408432,
    "Acc-seat of a stool": 6.013363028953229,
    "Acc-seat of a swivel chair": 50.46310750338224,
    "Acc-shelf of a desk": 0.05422993492407809,
    "Acc-taillight of a van": 0.0,
    "Acc-top of a desk": 46.66422175361389,
    "Acc-top of a kitchen island": 64.79105571847508,
    "Acc-tube of a fan": 0.0,
    "Acc-wheel of a bus": 67.2814371257485,
    "Acc-wheel of a swivel chair": 0.0,
    "Acc-wheel of a truck": 64.54258675078864,
    "Acc-wheel of a van": 57.94701986754966,
    "Acc-window of a bus": 21.158826718063,
    "Acc-window of a truck": 63.34310850439883,
    "Acc-window of a van": 30.50055441153176
}